delete from administrator;
delete from threshold;
delete from timezone;
delete from menu;
delete from account_product;
delete from product_channel;
delete from channel_directory;
delete from productcard;
delete from stbbind;
delete from directory;
delete from channel;
delete from language;
delete from account;
delete from product;

/*密码默认为：admin123*/
INSERT INTO `administrator` (`Id`, `UserName`, `Password`, `RealName`, `Email`, `Type`, `LastLoginTime`, `AuthKey`, `CreateTime`, `UpdateTime`) VALUES ('1', 'admin', '$2y$13$KE6R5/a4qV0GH/4tI9FDpOoHInV6rOgVBKT10wCu7ZGCgtSuibwXC', 'admin', 'admin@admin.com', '1', '1489372200', 'jlkfad', '1489372200', '1489372200');

INSERT INTO `threshold` (`cpu`, `memory`, `disk`, `loads`) VALUES ('50', '50', '80', '90');

## 时区数据
INSERT INTO `timezone` (`timezone`, `isCurrent`, `status`, `continent`, `country`, `icon`, `chinese`, `createTime`, `UpdateTime`) VALUES ('Asia/Shanghai', '1', '1', 'Asia', 'China', 'icon-zhongguo', '中国上海', '1489372200', '1489372200');
INSERT INTO `timezone` (`timezone`, `isCurrent`, `status`, `continent`, `country`, `icon`, `chinese`, `createTime`, `UpdateTime`) VALUES ('Asia/Tokyo', '0', '1', 'Asia', 'Japan', 'icon-riben', '日本东京', '1489372200', '1489372200');
INSERT INTO `timezone` (`timezone`, `isCurrent`, `status`, `continent`, `country`, `icon`, `chinese`, `createTime`, `UpdateTime`) VALUES ('Asia/Hong_Kong', '0', '1', 'Asia', 'China', 'icon-zhongguo', '中国香港', '1489372200', '1489372200');
INSERT INTO `timezone` (`timezone`, `isCurrent`, `status`, `continent`, `country`, `icon`, `chinese`, `createTime`, `UpdateTime`) VALUES ('Asia/Seoul', '0', '1', 'Asia', 'Korea', 'icon-hanguo', '韩国首尔', '1489372200', '1489372200');
INSERT INTO `timezone` (`timezone`, `isCurrent`, `status`, `continent`, `country`, `icon`, `chinese`, `createTime`, `UpdateTime`) VALUES ('Asia/Bangkok', '0', '1', 'Asia', 'Thailand', 'icon-taiguo', '泰国曼谷', '1489372200', '1489372200');
INSERT INTO `timezone` (`timezone`, `isCurrent`, `status`, `continent`, `country`, `icon`, `chinese`, `createTime`, `UpdateTime`) VALUES ('Asia/Dhaka', '0', '1', 'Asia', 'Bangladesh', 'icon-mengjialaguo', '孟加拉达卡', '1489372200', '1489372200');
INSERT INTO `timezone` (`timezone`, `isCurrent`, `status`, `continent`, `country`, `icon`, `chinese`, `createTime`, `UpdateTime`) VALUES ('Asia/Dubai', '0', '1', 'Asia', 'The United Arab Emirates', 'icon-alabolianheqiuchangguo', '阿拉伯联合酋长国迪拜', '1489372200', '1489372200');
INSERT INTO `timezone` (`timezone`, `isCurrent`, `status`, `continent`, `country`, `icon`, `chinese`, `createTime`, `UpdateTime`) VALUES ('Asia/Ho_Chi_Minh', '0', '1', 'Asia', 'Vietnam', 'icon-yuenan', '越南胡志明市', '1489372200', '1489372200');
INSERT INTO `timezone` (`timezone`, `isCurrent`, `status`, `continent`, `country`, `icon`, `chinese`, `createTime`, `UpdateTime`) VALUES ('Asia/Jerusalem', '0', '1', 'Asia', 'Israel', 'icon-yiselie', '以色列耶路撒冷', '1489372200', '1489372200');
INSERT INTO `timezone` (`timezone`, `isCurrent`, `status`, `continent`, `country`, `icon`, `chinese`, `createTime`, `UpdateTime`) VALUES ('Asia/Kathmandu', '0', '1', 'Asia', 'Nepal', 'icon-niboer', '尼泊尔加德满都', '1489372200', '1489372200');
INSERT INTO `timezone` (`timezone`, `isCurrent`, `status`, `continent`, `country`, `icon`, `chinese`, `createTime`, `UpdateTime`) VALUES ('Asia/Kolkata', '0', '1', 'Asia', 'India', 'icon-yindu', '印度加尔各答', '1489372200', '1489372200');
INSERT INTO `timezone` (`timezone`, `isCurrent`, `status`, `continent`, `country`, `icon`, `chinese`, `createTime`, `UpdateTime`) VALUES ('Asia/Makassar', '0', '1', 'Asia', 'Indonesia', 'icon-yindunixiya', '印度尼西亚望加锡', '1489372200', '1489372200');
INSERT INTO `timezone` (`timezone`, `isCurrent`, `status`, `continent`, `country`, `icon`, `chinese`, `createTime`, `UpdateTime`) VALUES ('Asia/Qatar', '0', '1', 'Asia', 'Qatar', 'icon-qiataer', '卡塔尔', '1489372200', '1489372200');
INSERT INTO `timezone` (`timezone`, `isCurrent`, `status`, `continent`, `country`, `icon`, `chinese`, `createTime`, `UpdateTime`) VALUES ('Asia/Rangoon', '0', '1', 'Asia', 'Burma', 'icon-miandian', '缅甸仰光', '1489372200', '1489372200');
INSERT INTO `timezone` (`timezone`, `isCurrent`, `status`, `continent`, `country`, `icon`, `chinese`, `createTime`, `UpdateTime`) VALUES ('Asia/Riyadh', '0', '1', 'Asia', 'Kingdom of Saudi Arabia', 'icon-shatealabo', '沙特阿拉伯利雅得', '1489372200', '1489372200');
INSERT INTO `timezone` (`timezone`, `isCurrent`, `status`, `continent`, `country`, `icon`, `chinese`, `createTime`, `UpdateTime`) VALUES ('Asia/Singapore', '0', '1', 'Asia', 'Singapore', 'icon-xinjiapo', '新加坡', '1489372200', '1489372200');
INSERT INTO `timezone` (`timezone`, `isCurrent`, `status`, `continent`, `country`, `icon`, `chinese`, `createTime`, `UpdateTime`) VALUES ('Asia/Tehran', '0', '1', 'Asia', 'Iran', 'icon-yilang', '伊朗德黑兰', '1489372200', '1489372200');
INSERT INTO `timezone` (`timezone`, `isCurrent`, `status`, `continent`, `country`, `icon`, `chinese`, `createTime`, `UpdateTime`) VALUES ('Europe/Dublin', '0', '1', 'Europe', 'Ireland', 'icon-aierlan', '爱尔兰都柏林', '1489372200', '1489372200');
INSERT INTO `timezone` (`timezone`, `isCurrent`, `status`, `continent`, `country`, `icon`, `chinese`, `createTime`, `UpdateTime`) VALUES ('Europe/Helsinki', '0', '1', 'Europe', 'Finland', 'icon-fenlan', '芬兰赫尔辛基', '1489372200', '1489372200');
INSERT INTO `timezone` (`timezone`, `isCurrent`, `status`, `continent`, `country`, `icon`, `chinese`, `createTime`, `UpdateTime`) VALUES ('Europe/Istanbul', '0', '1', 'Europe', 'Turkey', 'icon-tuerqi', '土耳其伊斯坦布尔', '1489372200', '1489372200');
INSERT INTO `timezone` (`timezone`, `isCurrent`, `status`, `continent`, `country`, `icon`, `chinese`, `createTime`, `UpdateTime`) VALUES ('Europe/London', '0', '1', 'Europe', 'England', 'icon-yingguo', '英国伦敦', '1489372200', '1489372200');
INSERT INTO `timezone` (`timezone`, `isCurrent`, `status`, `continent`, `country`, `icon`, `chinese`, `createTime`, `UpdateTime`) VALUES ('Europe/Moscow', '0', '1', 'Europe', 'Russia', 'icon-eluosi', '俄罗斯莫斯科', '1489372200', '1489372200');
INSERT INTO `timezone` (`timezone`, `isCurrent`, `status`, `continent`, `country`, `icon`, `chinese`, `createTime`, `UpdateTime`) VALUES ('Europe/Rome', '0', '1', 'Europe', 'Italy', 'icon-yidali', '意大利罗马', '1489372200', '1489372200');
INSERT INTO `timezone` (`timezone`, `isCurrent`, `status`, `continent`, `country`, `icon`, `chinese`, `createTime`, `UpdateTime`) VALUES ('Europe/Paris', '0', '1', 'Europe', 'France', 'icon-faguo', '法国巴黎', '1489372200', '1489372200');
INSERT INTO `timezone` (`timezone`, `isCurrent`, `status`, `continent`, `country`, `icon`, `chinese`, `createTime`, `UpdateTime`) VALUES ('Europe/Berlin', '0', '1', 'Europe', 'Germany', 'icon-deguo', '德国柏林', '1489372200', '1489372200');
INSERT INTO `timezone` (`timezone`, `isCurrent`, `status`, `continent`, `country`, `icon`, `chinese`, `createTime`, `UpdateTime`) VALUES ('Europe/Vienna', '0', '1', 'Europe', 'Austria', 'icon-aodili', '奥地利维也纳', '1489372200', '1489372200');
INSERT INTO `timezone` (`timezone`, `isCurrent`, `status`, `continent`, `country`, `icon`, `chinese`, `createTime`, `UpdateTime`) VALUES ('America/Argentina', '0', '1', 'America', 'Argentina', 'icon-agenting', '阿根廷', '1489372200', '1489372200');
INSERT INTO `timezone` (`timezone`, `isCurrent`, `status`, `continent`, `country`, `icon`, `chinese`, `createTime`, `UpdateTime`) VALUES ('America/Belem', '0', '1', 'America', 'Brazil', 'icon-baxi', '巴西贝伦市', '1489372200', '1489372200');
INSERT INTO `timezone` (`timezone`, `isCurrent`, `status`, `continent`, `country`, `icon`, `chinese`, `createTime`, `UpdateTime`) VALUES ('America/Chicago', '0', '1', 'America', 'America', 'icon-meiguo', '美国芝加哥', '1489372200', '1489372200');



INSERT INTO `menu` (`Id`, `MenuName`, `ParentId`, `Route`, `ShowLevel`, `ShowOrder`, `Icon`, `CreateTime`, `UpdateTime`) VALUES ('1', 'IPTV Monitor', NULL, 'javascript:void(0)', '1', '1', 'iconfont iconfont-fw icon-monitor', '1489372200', '1489372200');
INSERT INTO `menu` (`Id`, `MenuName`, `ParentId`, `Route`, `ShowLevel`, `ShowOrder`, `Icon`, `CreateTime`, `UpdateTime`) VALUES ('2', 'Monitor Dashboard', '1', '/monitor/index', '2', '1', 'iconfont iconfont-fw icon-dashboard', '1489372200', '1489372200');
INSERT INTO `menu` (`Id`, `MenuName`, `ParentId`, `Route`, `ShowLevel`, `ShowOrder`, `Icon`, `CreateTime`, `UpdateTime`) VALUES ('3', 'Servers Monitor', '1', 'javascript:void(0)', '2', '2', 'iconfont iconfont-fw icon-server', '1489372200', '1489372200');
INSERT INTO `menu` (`Id`, `MenuName`, `ParentId`, `Route`, `ShowLevel`, `ShowOrder`, `Icon`, `CreateTime`, `UpdateTime`) VALUES ('4', 'Servers Status', '3', '/monitor/servers-status', '3', '1', 'iconfont iconfont-fw icon-status', '1489372200', '1489372200');
INSERT INTO `menu` (`Id`, `MenuName`, `ParentId`, `Route`, `ShowLevel`, `ShowOrder`, `Icon`, `CreateTime`, `UpdateTime`) VALUES ('5', 'Servers Fault', '3', '/monitor/servers-fault', '3', '2', 'iconfont iconfont-fw icon-fault', '1489372200', '1489372200');
INSERT INTO `menu` (`Id`, `MenuName`, `ParentId`, `Route`, `ShowLevel`, `ShowOrder`, `Icon`, `CreateTime`, `UpdateTime`) VALUES ('6', 'Streams Monitor', '1', '/monitor/streams-monitor', '2', '3', 'iconfont iconfont-fw icon-stream', '1489372200', '1489372200');
INSERT INTO `menu` (`Id`, `MenuName`, `ParentId`, `Route`, `ShowLevel`, `ShowOrder`, `Icon`, `CreateTime`, `UpdateTime`) VALUES ('7', 'Clients Monitor', '1', '/monitor/clients', '2', '4', 'iconfont iconfont-fw icon-client', '1489372200', '1489372200');
INSERT INTO `menu` (`Id`, `MenuName`, `ParentId`, `Route`, `ShowLevel`, `ShowOrder`, `Icon`, `CreateTime`, `UpdateTime`) VALUES ('8', 'Logs Monitor', '1', 'javascript:void(0)', '2', '5', 'iconfont iconfont-fw icon-logs', '1489372200', '1489372200');
INSERT INTO `menu` (`Id`, `MenuName`, `ParentId`, `Route`, `ShowLevel`, `ShowOrder`, `Icon`, `CreateTime`, `UpdateTime`) VALUES ('9', 'Streaming Log', '8', '/monitor/streaming-log', '3', '1', 'iconfont iconfont-fw icon-streaming-log', '1489372200', '1489372200');
INSERT INTO `menu` (`Id`, `MenuName`, `ParentId`, `Route`, `ShowLevel`, `ShowOrder`, `Icon`, `CreateTime`, `UpdateTime`) VALUES ('10', 'Agent Log', '8', '/monitor/agent-log', '3', '2', 'iconfont iconfont-fw icon-agent-log', '1489372200', '1489372200');
INSERT INTO `menu` (`Id`, `MenuName`, `ParentId`, `Route`, `ShowLevel`, `ShowOrder`, `Icon`, `CreateTime`, `UpdateTime`) VALUES ('11', 'Stream Access Log', '8', '/monitor/stream-access-log', '3', '3', 'iconfont iconfont-fw icon-stream-access-log', '1489372200', '1489372200');
INSERT INTO `menu` (`Id`, `MenuName`, `ParentId`, `Route`, `ShowLevel`, `ShowOrder`, `Icon`, `CreateTime`, `UpdateTime`) VALUES ('12', 'API Access Log', '8', '/monitor/api-access-log', '3', '4', 'iconfont iconfont-fw icon-api-access-log', '1489372200', '1489372200');
INSERT INTO `menu` (`Id`, `MenuName`, `ParentId`, `Route`, `ShowLevel`, `ShowOrder`, `Icon`, `CreateTime`, `UpdateTime`) VALUES ('13', 'Monitor Configuration', '1', 'javascript:void(0)', '2', '6', 'iconfont iconfont-fw icon-configuration', '1489372200', '1489372200');
INSERT INTO `menu` (`Id`, `MenuName`, `ParentId`, `Route`, `ShowLevel`, `ShowOrder`, `Icon`, `CreateTime`, `UpdateTime`) VALUES ('14', 'Mointored Servers', '13', '/server/index', '3', '1', 'iconfont iconfont-fw icon-server', '1489372200', '1489372200');
INSERT INTO `menu` (`Id`, `MenuName`, `ParentId`, `Route`, `ShowLevel`, `ShowOrder`, `Icon`, `CreateTime`, `UpdateTime`) VALUES ('15', 'Mointored Streams', '13', '/stream/index', '3', '2', 'iconfont iconfont-fw icon-stream', '1489372200', '1489372200');
INSERT INTO `menu` (`Id`, `MenuName`, `ParentId`, `Route`, `ShowLevel`, `ShowOrder`, `Icon`, `CreateTime`, `UpdateTime`) VALUES ('16', 'Threshold Management', '13', '/threshold/index', '3', '3', 'iconfont iconfont-fw icon-threshold', '1489372200', '1489372200');
INSERT INTO `menu` (`Id`, `MenuName`, `ParentId`, `Route`, `ShowLevel`, `ShowOrder`, `Icon`, `CreateTime`, `UpdateTime`) VALUES ('17', 'Management Home', NULL, '/site/index', '1', '2', 'iconfont iconfont-fw icon-home', '1489372200', '1489372200');
INSERT INTO `menu` (`Id`, `MenuName`, `ParentId`, `Route`, `ShowLevel`, `ShowOrder`, `Icon`, `CreateTime`, `UpdateTime`) VALUES ('18', 'Account Management', NULL, '/account/index', '1', '3', 'iconfont iconfont-fw icon-user', '1489372200', '1489372200');
INSERT INTO `menu` (`Id`, `MenuName`, `ParentId`, `Route`, `ShowLevel`, `ShowOrder`, `Icon`, `CreateTime`, `UpdateTime`) VALUES ('19', 'Product Management', NULL, '/product/index', '1', '4', 'iconfont iconfont-fw icon-product', '1489372200', '1489372200');
INSERT INTO `menu` (`Id`, `MenuName`, `ParentId`, `Route`, `ShowLevel`, `ShowOrder`, `Icon`, `CreateTime`, `UpdateTime`) VALUES ('20', 'Channel Management', NULL, '/channel/index', '1', '5', 'iconfont iconfont-fw icon-channel', '1489372200', '1489372200');
INSERT INTO `menu` (`Id`, `MenuName`, `ParentId`, `Route`, `ShowLevel`, `ShowOrder`, `Icon`, `CreateTime`, `UpdateTime`) VALUES ('21', 'Directory Management', NULL, '/directory/index', '1', '6', 'iconfont iconfont-fw icon-directory', '1489372200', '1489372200');
INSERT INTO `menu` (`Id`, `MenuName`, `ParentId`, `Route`, `ShowLevel`, `ShowOrder`, `Icon`, `CreateTime`, `UpdateTime`) VALUES ('22', 'Productcard Management', NULL, '/productcard/index', '1', '7', 'iconfont iconfont-fw icon-productcard', '1489372200', '1489372200');
INSERT INTO `menu` (`Id`, `MenuName`, `ParentId`, `Route`, `ShowLevel`, `ShowOrder`, `Icon`, `CreateTime`, `UpdateTime`) VALUES ('23', 'Language Management', NULL, '/language/index', '1', '8', 'iconfont iconfont-fw icon-language', '1489372200', '1489372200');
INSERT INTO `menu` (`Id`, `MenuName`, `ParentId`, `Route`, `ShowLevel`, `ShowOrder`, `Icon`, `CreateTime`, `UpdateTime`) VALUES ('24', 'Administrator Management', NULL, '/admin/index', '1', '9', 'iconfont iconfont-fw icon-admin', '1489372200', '1489372200');
INSERT INTO `menu` (`Id`, `MenuName`, `ParentId`, `Route`, `ShowLevel`, `ShowOrder`, `Icon`, `CreateTime`, `UpdateTime`) VALUES ('25', 'Menu Management', NULL, '/menu/index', '1', '10', 'iconfont iconfont-fw icon-menu', '1489372200', '1489372200');
INSERT INTO `menu` (`Id`, `MenuName`, `ParentId`, `Route`, `ShowLevel`, `ShowOrder`, `Icon`, `CreateTime`, `UpdateTime`) VALUES ('26', 'Timezone Management', NULL, '/timezone/index', '1', '11', 'iconfont iconfont-fw icon-timezone', '1489372200', '1489372200');
INSERT INTO `menu` (`Id`, `MenuName`, `ParentId`, `Route`, `ShowLevel`, `ShowOrder`, `Icon`, `CreateTime`, `UpdateTime`) VALUES ('27', 'Log Management', NULL, 'javascript:void(0)', '1', '12', 'iconfont iconfont-fw icon-log', '1489372200', '1489372200');
INSERT INTO `menu` (`Id`, `MenuName`, `ParentId`, `Route`, `ShowLevel`, `ShowOrder`, `Icon`, `CreateTime`, `UpdateTime`) VALUES ('28', 'Administrator Log', '27', '/log/admin', '2', '1', 'iconfont iconfont-fw icon-admin-log', '1489372200', '1489372200');
INSERT INTO `menu` (`Id`, `MenuName`, `ParentId`, `Route`, `ShowLevel`, `ShowOrder`, `Icon`, `CreateTime`, `UpdateTime`) VALUES ('29', 'STB Log', '27', '/log/stb', '2', '2', 'iconfont iconfont-fw icon-iptv', '1489372200', '1489372200');

INSERT INTO `account` (`AccountID`, `State`, `Enable`, `CreateTime`, `UpdateTime`) VALUES('00110568C712', 1001, 1, '1489372200', '1489372200');
INSERT INTO `account` (`AccountID`, `State`, `Enable`, `CreateTime`, `UpdateTime`) VALUES('11820002DE1D', 1001, 1, '1489372200', '1489372200');
INSERT INTO `account` (`AccountID`, `State`, `Enable`, `CreateTime`, `UpdateTime`) VALUES('11820005B2D3', 1003, 1, '1489372200', '1489372200');
INSERT INTO `account` (`AccountID`, `State`, `Enable`, `CreateTime`, `UpdateTime`) VALUES('1182000612C5', 1003, 1, '1489372200', '1489372200');
INSERT INTO `account` (`AccountID`, `State`, `Enable`, `CreateTime`, `UpdateTime`) VALUES('FC4BBC05179F', 1003, 1, '1489372200', '1489372200');
INSERT INTO `account` (`AccountID`, `State`, `Enable`, `CreateTime`, `UpdateTime`) VALUES('FC4BBC2A374D', 1003, 1, '1489372200', '1489372200');
INSERT INTO `account` (`AccountID`, `State`, `Enable`, `CreateTime`, `UpdateTime`) VALUES('FC4BBC2A3917', 1001, 1, '1489372200', '1489372200');
INSERT INTO `account` (`AccountID`, `State`, `Enable`, `CreateTime`, `UpdateTime`) VALUES('FC4BBC2B1AAE', 1001, 1, '1489372200', '1489372200');
INSERT INTO `account` (`AccountID`, `State`, `Enable`, `CreateTime`, `UpdateTime`) VALUES('FC4BBC2B7C4A', 1002, 1, '1489372200', '1489372200');
INSERT INTO `account` (`AccountID`, `State`, `Enable`, `CreateTime`, `UpdateTime`) VALUES('FC4BBC2B903A', 1002, 1, '1489372200', '1489372200');
INSERT INTO `account` (`AccountID`, `State`, `Enable`, `CreateTime`, `UpdateTime`) VALUES('FC4BBC2B9910', 1002, 1, '1489372200', '1489372200');
INSERT INTO `account` (`AccountID`, `State`, `Enable`, `CreateTime`, `UpdateTime`) VALUES('FC4BBC2B9CA1', 1003, 1, '1489372200', '1489372200');
INSERT INTO `account` (`AccountID`, `State`, `Enable`, `CreateTime`, `UpdateTime`) VALUES('FC4BBC2C928C', 1004, 1, '1489372200', '1489372200');
INSERT INTO `account` (`AccountID`, `State`, `Enable`, `CreateTime`, `UpdateTime`) VALUES('FC4BBC2C9519', 1002, 1, '1489372200', '1489372200');
INSERT INTO `account` (`AccountID`, `State`, `Enable`, `CreateTime`, `UpdateTime`) VALUES('FC4BBC2C98E4', 1002, 1, '1489372200', '1489372200');
INSERT INTO `account` (`AccountID`, `State`, `Enable`, `CreateTime`, `UpdateTime`) VALUES('FC4BBC2C9B58', 1002, 1, '1489372200', '1489372200');
INSERT INTO `account` (`AccountID`, `State`, `Enable`, `CreateTime`, `UpdateTime`) VALUES('FC4BBC2CABB2', 1002, 1, '1489372200', '1489372200');
INSERT INTO `account` (`AccountID`, `State`, `Enable`, `CreateTime`, `UpdateTime`) VALUES('FC4BBC2CC6FD', 1002, 1, '1489372200', '1489372200');
INSERT INTO `account` (`AccountID`, `State`, `Enable`, `CreateTime`, `UpdateTime`) VALUES('FC4BBC2CC899', 1002, 1, '1489372200', '1489372200');
INSERT INTO `account` (`AccountID`, `State`, `Enable`, `CreateTime`, `UpdateTime`) VALUES('FC4BBC2CD2ED', 1004, 1, '1489372200', '1489372200');


INSERT INTO `product` (`ProductID`, `ProductName`, `CreateTime`, `UpdateTime`) VALUES('1', 'MiddleEastVIP', '1489372200', '1489372200');
INSERT INTO `product` (`ProductID`, `ProductName`, `CreateTime`, `UpdateTime`) VALUES('2', 'EgyptVIP', '1489372200', '1489372200');
INSERT INTO `product` (`ProductID`, `ProductName`, `CreateTime`, `UpdateTime`) VALUES('3', 'PalestineVIP', '1489372200', '1489372200');
INSERT INTO `product` (`ProductID`, `ProductName`, `CreateTime`, `UpdateTime`) VALUES('4', 'IsraelVIP', '1489372200', '1489372200');
INSERT INTO `product` (`ProductID`, `ProductName`, `CreateTime`, `UpdateTime`) VALUES('5', 'TurkeyVIP', '1489372200', '1489372200');
INSERT INTO `product` (`ProductID`, `ProductName`, `CreateTime`, `UpdateTime`) VALUES('6', 'IranVIP', '1489372200', '1489372200');
INSERT INTO `product` (`ProductID`, `ProductName`, `CreateTime`, `UpdateTime`) VALUES('7', 'AmericaLive', '1489372200', '1489372200');
INSERT INTO `product` (`ProductID`, `ProductName`, `CreateTime`, `UpdateTime`) VALUES('8', 'BrazilLive', '1489372200', '1489372200');
INSERT INTO `product` (`ProductID`, `ProductName`, `CreateTime`, `UpdateTime`) VALUES('9', 'EuropeLive', '1489372200', '1489372200');
INSERT INTO `product` (`ProductID`, `ProductName`, `CreateTime`, `UpdateTime`) VALUES('10', 'CanadaLive', '1489372200', '1489372200');


INSERT INTO `account_product` (`AccountID`, `ProductID`, `EndDate`) VALUES('00110568C712', '1', '1542681000');
INSERT INTO `account_product` (`AccountID`, `ProductID`, `EndDate`) VALUES('00110568C712', '2', '1542681000');
INSERT INTO `account_product` (`AccountID`, `ProductID`, `EndDate`) VALUES('00110568C712', '3', '1542681000');
INSERT INTO `account_product` (`AccountID`, `ProductID`, `EndDate`) VALUES('00110568C712', '4', '1542681000');
INSERT INTO `account_product` (`AccountID`, `ProductID`, `EndDate`) VALUES('00110568C712', '5', '1542681000');
INSERT INTO `account_product` (`AccountID`, `ProductID`, `EndDate`) VALUES('00110568C712', '6', '1542681000');
INSERT INTO `account_product` (`AccountID`, `ProductID`, `EndDate`) VALUES('00110568C712', '7', '1542681000');
INSERT INTO `account_product` (`AccountID`, `ProductID`, `EndDate`) VALUES('11820002DE1D', '1', '1574217000');
INSERT INTO `account_product` (`AccountID`, `ProductID`, `EndDate`) VALUES('11820002DE1D', '5', '1574217000');
INSERT INTO `account_product` (`AccountID`, `ProductID`, `EndDate`) VALUES('11820002DE1D', '9', '1574217000');
INSERT INTO `account_product` (`AccountID`, `ProductID`, `EndDate`) VALUES('FC4BBC05179F', '1', '1542681000');
INSERT INTO `account_product` (`AccountID`, `ProductID`, `EndDate`) VALUES('FC4BBC05179F', '7', '1542681000');
INSERT INTO `account_product` (`AccountID`, `ProductID`, `EndDate`) VALUES('FC4BBC05179F', '8', '1511145000');
INSERT INTO `account_product` (`AccountID`, `ProductID`, `EndDate`) VALUES('FC4BBC05179F', '10', '1511145000');
INSERT INTO `account_product` (`AccountID`, `ProductID`, `EndDate`) VALUES('FC4BBC2A374D', '1', '1542681000');
INSERT INTO `account_product` (`AccountID`, `ProductID`, `EndDate`) VALUES('FC4BBC2A3917', '1', '1542681000');
INSERT INTO `account_product` (`AccountID`, `ProductID`, `EndDate`) VALUES('FC4BBC2B1AAE', '1', '1542681000');
INSERT INTO `account_product` (`AccountID`, `ProductID`, `EndDate`) VALUES('FC4BBC2B1AAE', '2', '1542681000');
INSERT INTO `account_product` (`AccountID`, `ProductID`, `EndDate`) VALUES('FC4BBC2B1AAE', '4', '1542681000');
INSERT INTO `account_product` (`AccountID`, `ProductID`, `EndDate`) VALUES('FC4BBC2B1AAE', '6', '1542681000');
INSERT INTO `account_product` (`AccountID`, `ProductID`, `EndDate`) VALUES('FC4BBC2B9CA1', '1', '1511145000');
INSERT INTO `account_product` (`AccountID`, `ProductID`, `EndDate`) VALUES('FC4BBC2B9CA1', '2', '1542681000');
INSERT INTO `account_product` (`AccountID`, `ProductID`, `EndDate`) VALUES('FC4BBC2B9CA1', '3', '1542681000');
INSERT INTO `account_product` (`AccountID`, `ProductID`, `EndDate`) VALUES('FC4BBC2B9CA1', '8', '1542681000');
INSERT INTO `account_product` (`AccountID`, `ProductID`, `EndDate`) VALUES('FC4BBC2B9CA1', '9', '1511145000');
INSERT INTO `account_product` (`AccountID`, `ProductID`, `EndDate`) VALUES('FC4BBC2C928C', '1', '1542681000');
INSERT INTO `account_product` (`AccountID`, `ProductID`, `EndDate`) VALUES('FC4BBC2C928C', '5', '1542681000');
INSERT INTO `account_product` (`AccountID`, `ProductID`, `EndDate`) VALUES('FC4BBC2C928C', '8', '1542681000');
INSERT INTO `account_product` (`AccountID`, `ProductID`, `EndDate`) VALUES('FC4BBC2C928C', '9', '1542681000');
INSERT INTO `account_product` (`AccountID`, `ProductID`, `EndDate`) VALUES('FC4BBC2CD2ED', '1', '1511145000');
INSERT INTO `account_product` (`AccountID`, `ProductID`, `EndDate`) VALUES('FC4BBC2CD2ED', '6', '1511145000');
INSERT INTO `account_product` (`AccountID`, `ProductID`, `EndDate`) VALUES('FC4BBC2CD2ED', '7', '1511145000');


INSERT INTO `language` (`LanguageID`, `LanguageName`, `CreateTime`, `UpdateTime`) VALUES('1', 'Arabic', '1489372200', '1489372200');
INSERT INTO `language` (`LanguageID`, `LanguageName`, `CreateTime`, `UpdateTime`) VALUES('2', 'Greek', '1489372200', '1489372200');
INSERT INTO `language` (`LanguageID`, `LanguageName`, `CreateTime`, `UpdateTime`) VALUES('3', 'Turkish', '1489372200', '1489372200');
INSERT INTO `language` (`LanguageID`, `LanguageName`, `CreateTime`, `UpdateTime`) VALUES('4', 'Farsi', '1489372200', '1489372200');
INSERT INTO `language` (`LanguageID`, `LanguageName`, `CreateTime`, `UpdateTime`) VALUES('5', 'Assyrian', '1489372200', '1489372200');
INSERT INTO `language` (`LanguageID`, `LanguageName`, `CreateTime`, `UpdateTime`) VALUES('6', 'Kurdish', '1489372200', '1489372200');
INSERT INTO `language` (`LanguageID`, `LanguageName`, `CreateTime`, `UpdateTime`) VALUES('7', 'Hebrew', '1489372200', '1489372200');
INSERT INTO `language` (`LanguageID`, `LanguageName`, `CreateTime`, `UpdateTime`) VALUES('8', 'French', '1489372200', '1489372200');
INSERT INTO `language` (`LanguageID`, `LanguageName`, `CreateTime`, `UpdateTime`) VALUES('9', 'German', '1489372200', '1489372200');
INSERT INTO `language` (`LanguageID`, `LanguageName`, `CreateTime`, `UpdateTime`) VALUES('10', 'English', '1489372200', '1489372200');


INSERT INTO `channel` (`ChannelID`, `ChannelName`, `ChannelIP`, `ChannelPic`, `ChannelUrl`, `UrlType`, `ChannelType`, `LanguageID`, `CreateTime`, `UpdateTime`) VALUES('1', 'bein1', '188.138.89.40', '/images/bein1.jpg', 'http://188.138.89.40/IPTV_Files/bein1/bein1.m3u8', 'entire', 'live', '1', '1489372200', '1489372200');
INSERT INTO `channel` (`ChannelID`, `ChannelName`, `ChannelIP`, `ChannelPic`, `ChannelUrl`, `UrlType`, `ChannelType`, `LanguageID`, `CreateTime`, `UpdateTime`) VALUES('2', 'bein2', '188.138.89.40', '/images/bein2.jpg', 'http://188.138.89.40/IPTV_Files/bein2/bein2.m3u8', 'entire', 'live', '1', '1489372200', '1489372200');
INSERT INTO `channel` (`ChannelID`, `ChannelName`, `ChannelIP`, `ChannelPic`, `ChannelUrl`, `UrlType`, `ChannelType`, `LanguageID`, `CreateTime`, `UpdateTime`) VALUES('3', 'bein3', '188.138.89.40', '/images/bein3.jpg', 'http://188.138.89.40/IPTV_Files/bein3/bein3.m3u8', 'entire', 'live', '1', '1489372200', '1489372200');
INSERT INTO `channel` (`ChannelID`, `ChannelName`, `ChannelIP`, `ChannelPic`, `ChannelUrl`, `UrlType`, `ChannelType`, `LanguageID`, `CreateTime`, `UpdateTime`) VALUES('4', 'bein4', '188.138.89.40', '/images/bein4.jpg', 'http://188.138.89.40/IPTV_Files/bein4/bein4.m3u8', 'entire', 'live', '1', '1489372200', '1489372200');
INSERT INTO `channel` (`ChannelID`, `ChannelName`, `ChannelIP`, `ChannelPic`, `ChannelUrl`, `UrlType`, `ChannelType`, `LanguageID`, `CreateTime`, `UpdateTime`) VALUES('5', 'bein5', '188.138.89.40', '/images/bein5.jpg', 'http://188.138.89.40/IPTV_Files/bein5/bein5.m3u8', 'entire', 'live', '5', '1489372200', '1489372200');
INSERT INTO `channel` (`ChannelID`, `ChannelName`, `ChannelIP`, `ChannelPic`, `ChannelUrl`, `UrlType`, `ChannelType`, `LanguageID`, `CreateTime`, `UpdateTime`) VALUES('6', 'bein6', '188.138.89.40', '/images/bein6.jpg', 'http://188.138.89.40/IPTV_Files/bein6/bein6.m3u8', 'entire', 'live', '5', '1489372200', '1489372200');
INSERT INTO `channel` (`ChannelID`, `ChannelName`, `ChannelIP`, `ChannelPic`, `ChannelUrl`, `UrlType`, `ChannelType`, `LanguageID`, `CreateTime`, `UpdateTime`) VALUES('7', 'bein7', '188.138.89.40', '/images/bein7.jpg', 'http://188.138.89.40/IPTV_Files/bein7/bein7.m3u8', 'entire', 'live', '8', '1489372200', '1489372200');
INSERT INTO `channel` (`ChannelID`, `ChannelName`, `ChannelIP`, `ChannelPic`, `ChannelUrl`, `UrlType`, `ChannelType`, `LanguageID`, `CreateTime`, `UpdateTime`) VALUES('8', 'bein8', '188.138.89.40', '/images/bein8.jpg', 'http://188.138.89.40/IPTV_Files/bein8/bein8.m3u8', 'entire', 'live', '9', '1489372200', '1489372200');
INSERT INTO `channel` (`ChannelID`, `ChannelName`, `ChannelIP`, `ChannelPic`, `ChannelUrl`, `UrlType`, `ChannelType`, `LanguageID`, `CreateTime`, `UpdateTime`) VALUES('9', 'bein9', '188.138.89.40', '/images/bein9.jpg', 'http://188.138.89.40/IPTV_Files/bein9/bein9.m3u8', 'entire', 'live', '10', '1489372200', '1489372200');
INSERT INTO `channel` (`ChannelID`, `ChannelName`, `ChannelIP`, `ChannelPic`, `ChannelUrl`, `UrlType`, `ChannelType`, `LanguageID`, `CreateTime`, `UpdateTime`) VALUES('10', 'nile1', '188.138.89.40', '/images/nile1.jpg', '/IPTV_Files/nile1/nile1.m3u8', 'sep', 'live', '1', '1489372200', '1489372200');
INSERT INTO `channel` (`ChannelID`, `ChannelName`, `ChannelIP`, `ChannelPic`, `ChannelUrl`, `UrlType`, `ChannelType`, `LanguageID`, `CreateTime`, `UpdateTime`) VALUES('11', 'nile2', '188.138.89.40', '/images/nile2.jpg', '/IPTV_Files/nile2/nile2.m3u8', 'sep', 'live', '2', '1489372200', '1489372200');
INSERT INTO `channel` (`ChannelID`, `ChannelName`, `ChannelIP`, `ChannelPic`, `ChannelUrl`, `UrlType`, `ChannelType`, `LanguageID`, `CreateTime`, `UpdateTime`) VALUES('12', 'nile3', '188.138.89.40', '/images/nile3.jpg', '/IPTV_Files/nile3/nile3.m3u8', 'sep', 'live', '3', '1489372200', '1489372200');
INSERT INTO `channel` (`ChannelID`, `ChannelName`, `ChannelIP`, `ChannelPic`, `ChannelUrl`, `UrlType`, `ChannelType`, `LanguageID`, `CreateTime`, `UpdateTime`) VALUES('13', 'nile4', '188.138.89.40', '/images/nile4.jpg', '/IPTV_Files/nile4/nile4.m3u8', 'sep', 'live', '4', '1489372200', '1489372200');
INSERT INTO `channel` (`ChannelID`, `ChannelName`, `ChannelIP`, `ChannelPic`, `ChannelUrl`, `UrlType`, `ChannelType`, `LanguageID`, `CreateTime`, `UpdateTime`) VALUES('14', 'nile5', '188.138.89.40', '/images/nile5.jpg', '/IPTV_Files/nile5/nile5.m3u8', 'sep', 'live', '5', '1489372200', '1489372200');
INSERT INTO `channel` (`ChannelID`, `ChannelName`, `ChannelIP`, `ChannelPic`, `ChannelUrl`, `UrlType`, `ChannelType`, `LanguageID`, `CreateTime`, `UpdateTime`) VALUES('15', 'nile6', '188.138.89.40', '/images/nile6.jpg', '/IPTV_Files/nile6/nile6.m3u8', 'sep', 'live', '6', '1489372200', '1489372200');
INSERT INTO `channel` (`ChannelID`, `ChannelName`, `ChannelIP`, `ChannelPic`, `ChannelUrl`, `UrlType`, `ChannelType`, `LanguageID`, `CreateTime`, `UpdateTime`) VALUES('16', 'nile7', '188.138.89.40', '/images/nile7.jpg', '/IPTV_Files/nile7/nile7.m3u8', 'sep', 'live', '7', '1489372200', '1489372200');
INSERT INTO `channel` (`ChannelID`, `ChannelName`, `ChannelIP`, `ChannelPic`, `ChannelUrl`, `UrlType`, `ChannelType`, `LanguageID`, `CreateTime`, `UpdateTime`) VALUES('17', 'mbc1', '188.138.89.40', '/images/mbc1.jpg', '/IPTV_Files/mbc1/mbc1.m3u8', 'sep', 'live', '1', '1489372200', '1489372200');
INSERT INTO `channel` (`ChannelID`, `ChannelName`, `ChannelIP`, `ChannelPic`, `ChannelUrl`, `UrlType`, `ChannelType`, `LanguageID`, `CreateTime`, `UpdateTime`) VALUES('18', 'mbc2', '188.138.89.40', '/images/mbc2.jpg', '/IPTV_Files/mbc2/mbc2.m3u8', 'sep', 'live', '2', '1489372200', '1489372200');
INSERT INTO `channel` (`ChannelID`, `ChannelName`, `ChannelIP`, `ChannelPic`, `ChannelUrl`, `UrlType`, `ChannelType`, `LanguageID`, `CreateTime`, `UpdateTime`) VALUES('19', 'mbc3', '188.138.89.40', '/images/mbc3.jpg', '/IPTV_Files/mbc3/mbc3.m3u8', 'sep', 'live', '3', '1489372200', '1489372200');
INSERT INTO `channel` (`ChannelID`, `ChannelName`, `ChannelIP`, `ChannelPic`, `ChannelUrl`, `UrlType`, `ChannelType`, `LanguageID`, `CreateTime`, `UpdateTime`) VALUES('20', 'baraem1', '188.138.89.40', '/images/baraem1.jpg', '/IPTV_Files/baraem1/baraem1.m3u8', 'sep', 'live', '1', '1489372200', '1489372200');
INSERT INTO `channel` (`ChannelID`, `ChannelName`, `ChannelIP`, `ChannelPic`, `ChannelUrl`, `UrlType`, `ChannelType`, `LanguageID`, `CreateTime`, `UpdateTime`) VALUES('21', 'baraem2', '188.138.89.40', '/images/baraem2.jpg', '/IPTV_Files/baraem2/baraem2.m3u8', 'sep', 'live', '2', '1489372200', '1489372200');
INSERT INTO `channel` (`ChannelID`, `ChannelName`, `ChannelIP`, `ChannelPic`, `ChannelUrl`, `UrlType`, `ChannelType`, `LanguageID`, `CreateTime`, `UpdateTime`) VALUES('22', 'baraem3', '188.138.89.40', '/images/baraem3.jpg', '/IPTV_Files/baraem3/baraem3.m3u8', 'sep', 'live', '5', '1489372200', '1489372200');
INSERT INTO `channel` (`ChannelID`, `ChannelName`, `ChannelIP`, `ChannelPic`, `ChannelUrl`, `UrlType`, `ChannelType`, `LanguageID`, `CreateTime`, `UpdateTime`) VALUES('23', 'baraem4', '188.138.89.40', '/images/baraem4.jpg', '/IPTV_Files/baraem4/baraem4.m3u8', 'sep', 'live', '6', '1489372200', '1489372200');
INSERT INTO `channel` (`ChannelID`, `ChannelName`, `ChannelIP`, `ChannelPic`, `ChannelUrl`, `UrlType`, `ChannelType`, `LanguageID`, `CreateTime`, `UpdateTime`) VALUES('24', 'dream1', '188.138.89.40', '/images/dram1.jpg', 'http://188.138.89.40/IPTV_Files/dream1/dream1.m3u8', 'entire', 'live', '5', '1489372200', '1489372200');
INSERT INTO `channel` (`ChannelID`, `ChannelName`, `ChannelIP`, `ChannelPic`, `ChannelUrl`, `UrlType`, `ChannelType`, `LanguageID`, `CreateTime`, `UpdateTime`) VALUES('25', 'dream2', '188.138.89.40', '/images/dream2.jpg', 'http://188.138.89.40/IPTV_Files/dream2/deram2.m3u8', 'entire', 'live', '3', '1489372200', '1489372200');
INSERT INTO `channel` (`ChannelID`, `ChannelName`, `ChannelIP`, `ChannelPic`, `ChannelUrl`, `UrlType`, `ChannelType`, `LanguageID`, `CreateTime`, `UpdateTime`) VALUES('26', 'dream3', '188.138.89.40', '/images/dream3.jpg', 'http://188.138.89.40/IPTV_Files/deram3/dream3.m3u8', 'entire', 'live', '7', '1489372200', '1489372200');
INSERT INTO `channel` (`ChannelID`, `ChannelName`, `ChannelIP`, `ChannelPic`, `ChannelUrl`, `UrlType`, `ChannelType`, `LanguageID`, `CreateTime`, `UpdateTime`) VALUES('27', 'cbc1', '188.138.89.40', '/images/cbc1.jpg', 'http://188.138.89.40/IPTV_Files/cbc1/cbc1.m3u8', 'entire', 'live', '6', '1489372200', '1489372200');
INSERT INTO `channel` (`ChannelID`, `ChannelName`, `ChannelIP`, `ChannelPic`, `ChannelUrl`, `UrlType`, `ChannelType`, `LanguageID`, `CreateTime`, `UpdateTime`) VALUES('28', 'cbc2', '188.138.89.40', '/images/cbc2.jpg', 'http://188.138.89.40/IPTV_Files/cbc2/cbc2.m3u8', 'entire', 'live', '2', '1489372200', '1489372200');
INSERT INTO `channel` (`ChannelID`, `ChannelName`, `ChannelIP`, `ChannelPic`, `ChannelUrl`, `UrlType`, `ChannelType`, `LanguageID`, `CreateTime`, `UpdateTime`) VALUES('29', 'cbc3', '188.138.89.40', '/images/cbc3.jpg', 'http://188.138.89.40/IPTV_Files/cbc3/cbc3.m3u8', 'entire', 'live', '3', '1489372200', '1489372200');
INSERT INTO `channel` (`ChannelID`, `ChannelName`, `ChannelIP`, `ChannelPic`, `ChannelUrl`, `UrlType`, `ChannelType`, `LanguageID`, `CreateTime`, `UpdateTime`) VALUES('30', 'sky1', '188.138.89.40', '/images/sky1.jpg', 'http://188.138.89.40/IPTV_Files/sky1/sky1.m3u8', 'entire', 'live', '5', '1489372200', '1489372200');
INSERT INTO `channel` (`ChannelID`, `ChannelName`, `ChannelIP`, `ChannelPic`, `ChannelUrl`, `UrlType`, `ChannelType`, `LanguageID`, `CreateTime`, `UpdateTime`) VALUES('31', 'sky2', '188.138.89.40', '/images/sky2.jpg', 'http://188.138.89.40/IPTV_Files/sky2/sky2.m3u8', 'entire', 'live', '4', '1489372200', '1489372200');
INSERT INTO `channel` (`ChannelID`, `ChannelName`, `ChannelIP`, `ChannelPic`, `ChannelUrl`, `UrlType`, `ChannelType`, `LanguageID`, `CreateTime`, `UpdateTime`) VALUES('32', 'sky3', '188.138.89.40', '/images/sky3.jpg', 'http://188.138.89.40/IPTV_Files/sky3/sky3.m3u8', 'entire', 'live', '2', '1489372200', '1489372200');
INSERT INTO `channel` (`ChannelID`, `ChannelName`, `ChannelIP`, `ChannelPic`, `ChannelUrl`, `UrlType`, `ChannelType`, `LanguageID`, `CreateTime`, `UpdateTime`) VALUES('33', 'sky4', '188.138.89.40', '/images/sky4.jpg', 'http://188.138.89.40/IPTV_Files/sky4/sky4.m3u8', 'entire', 'live', '3', '1489372200', '1489372200');
INSERT INTO `channel` (`ChannelID`, `ChannelName`, `ChannelIP`, `ChannelPic`, `ChannelUrl`, `UrlType`, `ChannelType`, `LanguageID`, `CreateTime`, `UpdateTime`) VALUES('34', 'rai1', '188.138.89.40', '/images/rai1.jpg', 'http://188.138.89.40/IPTV_Files/rai1/rai1.m3u8', 'entire', 'live', '9', '1489372200', '1489372200');
INSERT INTO `channel` (`ChannelID`, `ChannelName`, `ChannelIP`, `ChannelPic`, `ChannelUrl`, `UrlType`, `ChannelType`, `LanguageID`, `CreateTime`, `UpdateTime`) VALUES('35', 'rai2', '188.138.89.40', '/images/rai2.jpg', 'http://188.138.89.40/IPTV_Files/rai2/rai2.m3u8', 'entire', 'live', '6', '1489372200', '1489372200');
INSERT INTO `channel` (`ChannelID`, `ChannelName`, `ChannelIP`, `ChannelPic`, `ChannelUrl`, `UrlType`, `ChannelType`, `LanguageID`, `CreateTime`, `UpdateTime`) VALUES('36', 'rai3', '188.138.89.40', '/images/rai3.jpg', 'http://188.138.89.40/IPTV_Files/rai3/rai3.m3u8', 'entire', 'live', '4', '1489372200', '1489372200');
INSERT INTO `channel` (`ChannelID`, `ChannelName`, `ChannelIP`, `ChannelPic`, `ChannelUrl`, `UrlType`, `ChannelType`, `LanguageID`, `CreateTime`, `UpdateTime`) VALUES('37', 'rai4', '188.138.89.40', '/images/rai4.jpg', 'http://188.138.89.40/IPTV_Files/rai4/rai4.m3u8', 'entire', 'live', '3', '1489372200', '1489372200');
INSERT INTO `channel` (`ChannelID`, `ChannelName`, `ChannelIP`, `ChannelPic`, `ChannelUrl`, `UrlType`, `ChannelType`, `LanguageID`, `CreateTime`, `UpdateTime`) VALUES('38', 'rai5', '188.138.89.40', '/images/rai5.jpg', 'http://188.138.89.40/IPTV_Files/rai5/rai5.m3u8', 'entire', 'live', '1', '1489372200', '1489372200');
INSERT INTO `channel` (`ChannelID`, `ChannelName`, `ChannelIP`, `ChannelPic`, `ChannelUrl`, `UrlType`, `ChannelType`, `LanguageID`, `CreateTime`, `UpdateTime`) VALUES('39', 'canal1', '188.138.89.40', '/images/canal1.jpg', '/IPTV_Files/canal1/canal1.m3u8', 'sep', 'live', '7', '1489372200', '1489372200');
INSERT INTO `channel` (`ChannelID`, `ChannelName`, `ChannelIP`, `ChannelPic`, `ChannelUrl`, `UrlType`, `ChannelType`, `LanguageID`, `CreateTime`, `UpdateTime`) VALUES('40', 'canal2', '188.138.89.40', '/images/canal2.jpg', '/IPTV_Files/canal2/canal2.m3u8', 'sep', 'live', '5', '1489372200', '1489372200');
INSERT INTO `channel` (`ChannelID`, `ChannelName`, `ChannelIP`, `ChannelPic`, `ChannelUrl`, `UrlType`, `ChannelType`, `LanguageID`, `CreateTime`, `UpdateTime`) VALUES('41', 'canal3', '188.138.89.40', '/images/canal3.jpg', '/IPTV_Files/canal3/canal3.m3u8', 'sep', 'live', '3', '1489372200', '1489372200');
INSERT INTO `channel` (`ChannelID`, `ChannelName`, `ChannelIP`, `ChannelPic`, `ChannelUrl`, `UrlType`, `ChannelType`, `LanguageID`, `CreateTime`, `UpdateTime`) VALUES('42', 'dzair1', '188.138.89.40', '/images/dzair1.jpg', '/IPTV_Files/dzair1/dzair1.m3u8', 'sep', 'live', '5', '1489372200', '1489372200');
INSERT INTO `channel` (`ChannelID`, `ChannelName`, `ChannelIP`, `ChannelPic`, `ChannelUrl`, `UrlType`, `ChannelType`, `LanguageID`, `CreateTime`, `UpdateTime`) VALUES('43', 'dzair2', '188.138.89.40', '/images/dzair2.jpg', '/IPTV_Files/dzair2/dzair2.m3u8', 'sep', 'live', '6', '1489372200', '1489372200');
INSERT INTO `channel` (`ChannelID`, `ChannelName`, `ChannelIP`, `ChannelPic`, `ChannelUrl`, `UrlType`, `ChannelType`, `LanguageID`, `CreateTime`, `UpdateTime`) VALUES('44', 'dzair3', '188.138.89.40', '/images/dzair3.jpg', '/IPTV_Files/dzair3/dzair3.m3u8', 'sep', 'live', '9', '1489372200', '1489372200');
INSERT INTO `channel` (`ChannelID`, `ChannelName`, `ChannelIP`, `ChannelPic`, `ChannelUrl`, `UrlType`, `ChannelType`, `LanguageID`, `CreateTime`, `UpdateTime`) VALUES('45', 'dzair4', '188.138.89.40', '/images/dzair4.jpg', '/IPTV_Files/dzair4/dzair4.m3u8', 'sep', 'live', '1', '1489372200', '1489372200');

INSERT INTO `product_channel` (`ProductID`, `ChannelID`) VALUES('4', '1');
INSERT INTO `product_channel` (`ProductID`, `ChannelID`) VALUES('4', '2');
INSERT INTO `product_channel` (`ProductID`, `ChannelID`) VALUES('4', '3');
INSERT INTO `product_channel` (`ProductID`, `ChannelID`) VALUES('4', '4');
INSERT INTO `product_channel` (`ProductID`, `ChannelID`) VALUES('4', '5');
INSERT INTO `product_channel` (`ProductID`, `ChannelID`) VALUES('4', '6');
INSERT INTO `product_channel` (`ProductID`, `ChannelID`) VALUES('4', '7');
INSERT INTO `product_channel` (`ProductID`, `ChannelID`) VALUES('4', '8');
INSERT INTO `product_channel` (`ProductID`, `ChannelID`) VALUES('4', '9');
INSERT INTO `product_channel` (`ProductID`, `ChannelID`) VALUES('1', '10');
INSERT INTO `product_channel` (`ProductID`, `ChannelID`) VALUES('1', '11');
INSERT INTO `product_channel` (`ProductID`, `ChannelID`) VALUES('1', '12');
INSERT INTO `product_channel` (`ProductID`, `ChannelID`) VALUES('1', '13');
INSERT INTO `product_channel` (`ProductID`, `ChannelID`) VALUES('1', '14');
INSERT INTO `product_channel` (`ProductID`, `ChannelID`) VALUES('1', '15');
INSERT INTO `product_channel` (`ProductID`, `ChannelID`) VALUES('1', '16');
INSERT INTO `product_channel` (`ProductID`, `ChannelID`) VALUES('2', '17');
INSERT INTO `product_channel` (`ProductID`, `ChannelID`) VALUES('2', '18');
INSERT INTO `product_channel` (`ProductID`, `ChannelID`) VALUES('2', '19');
INSERT INTO `product_channel` (`ProductID`, `ChannelID`) VALUES('3', '20');
INSERT INTO `product_channel` (`ProductID`, `ChannelID`) VALUES('3', '21');
INSERT INTO `product_channel` (`ProductID`, `ChannelID`) VALUES('3', '22');
INSERT INTO `product_channel` (`ProductID`, `ChannelID`) VALUES('3', '23');
INSERT INTO `product_channel` (`ProductID`, `ChannelID`) VALUES('5', '24');
INSERT INTO `product_channel` (`ProductID`, `ChannelID`) VALUES('5', '25');
INSERT INTO `product_channel` (`ProductID`, `ChannelID`) VALUES('5', '26');
INSERT INTO `product_channel` (`ProductID`, `ChannelID`) VALUES('6', '27');
INSERT INTO `product_channel` (`ProductID`, `ChannelID`) VALUES('6', '28');
INSERT INTO `product_channel` (`ProductID`, `ChannelID`) VALUES('6', '29');
INSERT INTO `product_channel` (`ProductID`, `ChannelID`) VALUES('7', '30');
INSERT INTO `product_channel` (`ProductID`, `ChannelID`) VALUES('7', '31');
INSERT INTO `product_channel` (`ProductID`, `ChannelID`) VALUES('7', '32');
INSERT INTO `product_channel` (`ProductID`, `ChannelID`) VALUES('7', '33');
INSERT INTO `product_channel` (`ProductID`, `ChannelID`) VALUES('8', '34');
INSERT INTO `product_channel` (`ProductID`, `ChannelID`) VALUES('8', '35');
INSERT INTO `product_channel` (`ProductID`, `ChannelID`) VALUES('8', '36');
INSERT INTO `product_channel` (`ProductID`, `ChannelID`) VALUES('8', '37');
INSERT INTO `product_channel` (`ProductID`, `ChannelID`) VALUES('8', '38');
INSERT INTO `product_channel` (`ProductID`, `ChannelID`) VALUES('9', '39');
INSERT INTO `product_channel` (`ProductID`, `ChannelID`) VALUES('9', '40');
INSERT INTO `product_channel` (`ProductID`, `ChannelID`) VALUES('9', '41');
INSERT INTO `product_channel` (`ProductID`, `ChannelID`) VALUES('10', '42');
INSERT INTO `product_channel` (`ProductID`, `ChannelID`) VALUES('10', '43');
INSERT INTO `product_channel` (`ProductID`, `ChannelID`) VALUES('10', '44');
INSERT INTO `product_channel` (`ProductID`, `ChannelID`) VALUES('10', '45');


INSERT INTO `directory` (`DirectoryID`, `ParentID`, `DirectoryName`, `ShowOrder`, `CreateTime`, `UpdateTime`) VALUES('1', NULL, 'MiddleEastVIP', 1, '1489372200', '1489372200');
INSERT INTO `directory` (`DirectoryID`, `ParentID`, `DirectoryName`, `ShowOrder`, `CreateTime`, `UpdateTime`) VALUES('2', NULL, 'EgyptVIP', 2, '1489372200', '1489372200');
INSERT INTO `directory` (`DirectoryID`, `ParentID`, `DirectoryName`, `ShowOrder`, `CreateTime`, `UpdateTime`) VALUES('3', NULL, 'PalestineVIP', 3, '1489372200', '1489372200');
INSERT INTO `directory` (`DirectoryID`, `ParentID`, `DirectoryName`, `ShowOrder`, `CreateTime`, `UpdateTime`) VALUES('4', NULL, 'IsraelVIP', 4, '1489372200', '1489372200');
INSERT INTO `directory` (`DirectoryID`, `ParentID`, `DirectoryName`, `ShowOrder`, `CreateTime`, `UpdateTime`) VALUES('5', NULL, 'TurkeyVIP', 5, '1489372200', '1489372200');
INSERT INTO `directory` (`DirectoryID`, `ParentID`, `DirectoryName`, `ShowOrder`, `CreateTime`, `UpdateTime`) VALUES('6', NULL, 'IranVIP', 6, '1489372200', '1489372200');
INSERT INTO `directory` (`DirectoryID`, `ParentID`, `DirectoryName`, `ShowOrder`, `CreateTime`, `UpdateTime`) VALUES('7', NULL, 'AmericaLive', 7, '1489372200', '1489372200');
INSERT INTO `directory` (`DirectoryID`, `ParentID`, `DirectoryName`, `ShowOrder`, `CreateTime`, `UpdateTime`) VALUES('8', NULL, 'BrazilLive', 8, '1489372200', '1489372200');
INSERT INTO `directory` (`DirectoryID`, `ParentID`, `DirectoryName`, `ShowOrder`, `CreateTime`, `UpdateTime`) VALUES('9', NULL, 'EuropeLive', 9, '1489372200', '1489372200');
INSERT INTO `directory` (`DirectoryID`, `ParentID`, `DirectoryName`, `ShowOrder`, `CreateTime`, `UpdateTime`) VALUES('10', NULL, 'CanadaLive', 10, '1489372200', '1489372200');
INSERT INTO `directory` (`DirectoryID`, `ParentID`, `DirectoryName`, `ShowOrder`, `CreateTime`, `UpdateTime`) VALUES('11', '1', 'Arabic', 1, '1489372200', '1489372200');
INSERT INTO `directory` (`DirectoryID`, `ParentID`, `DirectoryName`, `ShowOrder`, `CreateTime`, `UpdateTime`) VALUES('12', '1', 'Tunisia', 2, '1489372200', '1489372200');
INSERT INTO `directory` (`DirectoryID`, `ParentID`, `DirectoryName`, `ShowOrder`, `CreateTime`, `UpdateTime`) VALUES('13', '1', 'PreMium', 3, '1489372200', '1489372200');
INSERT INTO `directory` (`DirectoryID`, `ParentID`, `DirectoryName`, `ShowOrder`, `CreateTime`, `UpdateTime`) VALUES('14', '1', 'Sports', 4, '1489372200', '1489372200');
INSERT INTO `directory` (`DirectoryID`, `ParentID`, `DirectoryName`, `ShowOrder`, `CreateTime`, `UpdateTime`) VALUES('15', '1', 'Europe', 5, '1489372200', '1489372200');
INSERT INTO `directory` (`DirectoryID`, `ParentID`, `DirectoryName`, `ShowOrder`, `CreateTime`, `UpdateTime`) VALUES('16', '1', 'French', 6, '1489372200', '1489372200');
INSERT INTO `directory` (`DirectoryID`, `ParentID`, `DirectoryName`, `ShowOrder`, `CreateTime`, `UpdateTime`) VALUES('17', '1', 'Movies', 7, '1489372200', '1489372200');
INSERT INTO `directory` (`DirectoryID`, `ParentID`, `DirectoryName`, `ShowOrder`, `CreateTime`, `UpdateTime`) VALUES('18', '1', 'KIDS', 8, '1489372200', '1489372200');

INSERT INTO `channel_directory` (`DirectoryID`, `ChannelID`) VALUES('11', '1');
INSERT INTO `channel_directory` (`DirectoryID`, `ChannelID`) VALUES('13', '1');
INSERT INTO `channel_directory` (`DirectoryID`, `ChannelID`) VALUES('15', '2');
INSERT INTO `channel_directory` (`DirectoryID`, `ChannelID`) VALUES('16', '2');
INSERT INTO `channel_directory` (`DirectoryID`, `ChannelID`) VALUES('17', '2');
INSERT INTO `channel_directory` (`DirectoryID`, `ChannelID`) VALUES('12', '3');
INSERT INTO `channel_directory` (`DirectoryID`, `ChannelID`) VALUES('15', '3');
INSERT INTO `channel_directory` (`DirectoryID`, `ChannelID`) VALUES('13', '4');
INSERT INTO `channel_directory` (`DirectoryID`, `ChannelID`) VALUES('15', '5');
INSERT INTO `channel_directory` (`DirectoryID`, `ChannelID`) VALUES('18', '6');
INSERT INTO `channel_directory` (`DirectoryID`, `ChannelID`) VALUES('13', '7');
INSERT INTO `channel_directory` (`DirectoryID`, `ChannelID`) VALUES('11', '8');
INSERT INTO `channel_directory` (`DirectoryID`, `ChannelID`) VALUES('15', '8');
INSERT INTO `channel_directory` (`DirectoryID`, `ChannelID`) VALUES('13', '9');
INSERT INTO `channel_directory` (`DirectoryID`, `ChannelID`) VALUES('11', '10');
INSERT INTO `channel_directory` (`DirectoryID`, `ChannelID`) VALUES('16', '10');
INSERT INTO `channel_directory` (`DirectoryID`, `ChannelID`) VALUES('13', '11');
INSERT INTO `channel_directory` (`DirectoryID`, `ChannelID`) VALUES('12', '12');
INSERT INTO `channel_directory` (`DirectoryID`, `ChannelID`) VALUES('14', '12');
INSERT INTO `channel_directory` (`DirectoryID`, `ChannelID`) VALUES('13', '13');
INSERT INTO `channel_directory` (`DirectoryID`, `ChannelID`) VALUES('11', '14');
INSERT INTO `channel_directory` (`DirectoryID`, `ChannelID`) VALUES('16', '15');
INSERT INTO `channel_directory` (`DirectoryID`, `ChannelID`) VALUES('12', '16');
INSERT INTO `channel_directory` (`DirectoryID`, `ChannelID`) VALUES('13', '16');
INSERT INTO `channel_directory` (`DirectoryID`, `ChannelID`) VALUES('14', '17');
INSERT INTO `channel_directory` (`DirectoryID`, `ChannelID`) VALUES('17', '17');
INSERT INTO `channel_directory` (`DirectoryID`, `ChannelID`) VALUES('18', '17');
INSERT INTO `channel_directory` (`DirectoryID`, `ChannelID`) VALUES('17', '18');
INSERT INTO `channel_directory` (`DirectoryID`, `ChannelID`) VALUES('18', '18');
INSERT INTO `channel_directory` (`DirectoryID`, `ChannelID`) VALUES('11', '19');
INSERT INTO `channel_directory` (`DirectoryID`, `ChannelID`) VALUES('11', '20');
INSERT INTO `channel_directory` (`DirectoryID`, `ChannelID`) VALUES('13', '21');
INSERT INTO `channel_directory` (`DirectoryID`, `ChannelID`) VALUES('11', '22');
INSERT INTO `channel_directory` (`DirectoryID`, `ChannelID`) VALUES('18', '22');
INSERT INTO `channel_directory` (`DirectoryID`, `ChannelID`) VALUES('13', '23');
INSERT INTO `channel_directory` (`DirectoryID`, `ChannelID`) VALUES('11', '24');
INSERT INTO `channel_directory` (`DirectoryID`, `ChannelID`) VALUES('15', '25');
INSERT INTO `channel_directory` (`DirectoryID`, `ChannelID`) VALUES('13', '26');
INSERT INTO `channel_directory` (`DirectoryID`, `ChannelID`) VALUES('14', '27');
INSERT INTO `channel_directory` (`DirectoryID`, `ChannelID`) VALUES('16', '28');
INSERT INTO `channel_directory` (`DirectoryID`, `ChannelID`) VALUES('13', '29');
INSERT INTO `channel_directory` (`DirectoryID`, `ChannelID`) VALUES('17', '30');
INSERT INTO `channel_directory` (`DirectoryID`, `ChannelID`) VALUES('15', '31');
INSERT INTO `channel_directory` (`DirectoryID`, `ChannelID`) VALUES('16', '31');
INSERT INTO `channel_directory` (`DirectoryID`, `ChannelID`) VALUES('12', '32');
INSERT INTO `channel_directory` (`DirectoryID`, `ChannelID`) VALUES('13', '32');
INSERT INTO `channel_directory` (`DirectoryID`, `ChannelID`) VALUES('13', '33');
INSERT INTO `channel_directory` (`DirectoryID`, `ChannelID`) VALUES('11', '34');
INSERT INTO `channel_directory` (`DirectoryID`, `ChannelID`) VALUES('16', '35');
INSERT INTO `channel_directory` (`DirectoryID`, `ChannelID`) VALUES('13', '36');
INSERT INTO `channel_directory` (`DirectoryID`, `ChannelID`) VALUES('17', '36');
INSERT INTO `channel_directory` (`DirectoryID`, `ChannelID`) VALUES('11', '37');
INSERT INTO `channel_directory` (`DirectoryID`, `ChannelID`) VALUES('13', '38');
INSERT INTO `channel_directory` (`DirectoryID`, `ChannelID`) VALUES('12', '39');
INSERT INTO `channel_directory` (`DirectoryID`, `ChannelID`) VALUES('14', '40');
INSERT INTO `channel_directory` (`DirectoryID`, `ChannelID`) VALUES('18', '40');
INSERT INTO `channel_directory` (`DirectoryID`, `ChannelID`) VALUES('12', '41');
INSERT INTO `channel_directory` (`DirectoryID`, `ChannelID`) VALUES('15', '41');
INSERT INTO `channel_directory` (`DirectoryID`, `ChannelID`) VALUES('17', '41');
INSERT INTO `channel_directory` (`DirectoryID`, `ChannelID`) VALUES('11', '42');
INSERT INTO `channel_directory` (`DirectoryID`, `ChannelID`) VALUES('14', '43');
INSERT INTO `channel_directory` (`DirectoryID`, `ChannelID`) VALUES('16', '44');
INSERT INTO `channel_directory` (`DirectoryID`, `ChannelID`) VALUES('17', '44');
INSERT INTO `channel_directory` (`DirectoryID`, `ChannelID`) VALUES('12', '45');
INSERT INTO `channel_directory` (`DirectoryID`, `ChannelID`) VALUES('13', '45');
INSERT INTO `channel_directory` (`DirectoryID`, `ChannelID`) VALUES('14', '45');

INSERT INTO `productcard` (`CardNumber`, `CardValue`, `ProductID`, `CardState`, `UseDate`, `AccountID`, `CreateTime`, `UpdateTime`) VALUES('0909201220130001', 365, '1', 1, '1483237800', 'FC4BBC2A374D', '1489372200', '1489372200');
INSERT INTO `productcard` (`CardNumber`, `CardValue`, `ProductID`, `CardState`, `UseDate`, `AccountID`, `CreateTime`, `UpdateTime`) VALUES('0909201220130002', 365, '1', 1, '1483237800', 'FC4BBC2B1AAE', '1489372200', '1489372200');
INSERT INTO `productcard` (`CardNumber`, `CardValue`, `ProductID`, `CardState`, `UseDate`, `AccountID`, `CreateTime`, `UpdateTime`) VALUES('0909201220130003', 365, '1', 0, NUll, NULL, '1489372200', '1489372200');
INSERT INTO `productcard` (`CardNumber`, `CardValue`, `ProductID`, `CardState`, `UseDate`, `AccountID`, `CreateTime`, `UpdateTime`) VALUES('0909201220130004', 183, '1', 0, NUll, NULL, '1489372200', '1489372200');
INSERT INTO `productcard` (`CardNumber`, `CardValue`, `ProductID`, `CardState`, `UseDate`, `AccountID`, `CreateTime`, `UpdateTime`) VALUES('0909201220130005', 183, '1', 0, NUll, NULL, '1489372200', '1489372200');
INSERT INTO `productcard` (`CardNumber`, `CardValue`, `ProductID`, `CardState`, `UseDate`, `AccountID`, `CreateTime`, `UpdateTime`) VALUES('0909201220130006', 183, '1', 0, NUll, NULL, '1489372200', '1489372200');
INSERT INTO `productcard` (`CardNumber`, `CardValue`, `ProductID`, `CardState`, `UseDate`, `AccountID`, `CreateTime`, `UpdateTime`) VALUES('0909201220130007', 365, '2', 0, NUll, NULL, '1489372200', '1489372200');
INSERT INTO `productcard` (`CardNumber`, `CardValue`, `ProductID`, `CardState`, `UseDate`, `AccountID`, `CreateTime`, `UpdateTime`) VALUES('0909201220130008', 365, '2', 0, NUll, NULL, '1489372200', '1489372200');
INSERT INTO `productcard` (`CardNumber`, `CardValue`, `ProductID`, `CardState`, `UseDate`, `AccountID`, `CreateTime`, `UpdateTime`) VALUES('0909201220130009', 365, '2', 0, NUll, NULL, '1489372200', '1489372200');
INSERT INTO `productcard` (`CardNumber`, `CardValue`, `ProductID`, `CardState`, `UseDate`, `AccountID`, `CreateTime`, `UpdateTime`) VALUES('0909201220130010', 183, '2', 0, NUll, NULL, '1489372200', '1489372200');
INSERT INTO `productcard` (`CardNumber`, `CardValue`, `ProductID`, `CardState`, `UseDate`, `AccountID`, `CreateTime`, `UpdateTime`) VALUES('0909201220130011', 183, '2', 0, NUll, NULL, '1489372200', '1489372200');
INSERT INTO `productcard` (`CardNumber`, `CardValue`, `ProductID`, `CardState`, `UseDate`, `AccountID`, `CreateTime`, `UpdateTime`) VALUES('0909201220130012', 183, '2', 0, NUll, NULL, '1489372200', '1489372200');
INSERT INTO `productcard` (`CardNumber`, `CardValue`, `ProductID`, `CardState`, `UseDate`, `AccountID`, `CreateTime`, `UpdateTime`) VALUES('0909201220130013', 365, '3', 0, NUll, NULL, '1489372200', '1489372200');
INSERT INTO `productcard` (`CardNumber`, `CardValue`, `ProductID`, `CardState`, `UseDate`, `AccountID`, `CreateTime`, `UpdateTime`) VALUES('0909201220130014', 365, '3', 0, NUll, NULL, '1489372200', '1489372200');
INSERT INTO `productcard` (`CardNumber`, `CardValue`, `ProductID`, `CardState`, `UseDate`, `AccountID`, `CreateTime`, `UpdateTime`) VALUES('0909201220130015', 365, '3', 0, NUll, NULL, '1489372200', '1489372200');
INSERT INTO `productcard` (`CardNumber`, `CardValue`, `ProductID`, `CardState`, `UseDate`, `AccountID`, `CreateTime`, `UpdateTime`) VALUES('0909201220130016', 183, '3', 0, NUll, NULL, '1489372200', '1489372200');
INSERT INTO `productcard` (`CardNumber`, `CardValue`, `ProductID`, `CardState`, `UseDate`, `AccountID`, `CreateTime`, `UpdateTime`) VALUES('0909201220130017', 183, '3', 0, NUll, NULL, '1489372200', '1489372200');
INSERT INTO `productcard` (`CardNumber`, `CardValue`, `ProductID`, `CardState`, `UseDate`, `AccountID`, `CreateTime`, `UpdateTime`) VALUES('0909201220130018', 183, '3', 0, NUll, NULL, '1489372200', '1489372200');
INSERT INTO `productcard` (`CardNumber`, `CardValue`, `ProductID`, `CardState`, `UseDate`, `AccountID`, `CreateTime`, `UpdateTime`) VALUES('0909201220130019', 365, '4', 0, NUll, NULL, '1489372200', '1489372200');
INSERT INTO `productcard` (`CardNumber`, `CardValue`, `ProductID`, `CardState`, `UseDate`, `AccountID`, `CreateTime`, `UpdateTime`) VALUES('0909201220130020', 365, '4', 0, NUll, NULL, '1489372200', '1489372200');
INSERT INTO `productcard` (`CardNumber`, `CardValue`, `ProductID`, `CardState`, `UseDate`, `AccountID`, `CreateTime`, `UpdateTime`) VALUES('0909201220130021', 365, '4', 0, NUll, NULL, '1489372200', '1489372200');
INSERT INTO `productcard` (`CardNumber`, `CardValue`, `ProductID`, `CardState`, `UseDate`, `AccountID`, `CreateTime`, `UpdateTime`) VALUES('0909201220130022', 183, '4', 0, NUll, NULL, '1489372200', '1489372200');
INSERT INTO `productcard` (`CardNumber`, `CardValue`, `ProductID`, `CardState`, `UseDate`, `AccountID`, `CreateTime`, `UpdateTime`) VALUES('0909201220130023', 183, '4', 0, NUll, NULL, '1489372200', '1489372200');
INSERT INTO `productcard` (`CardNumber`, `CardValue`, `ProductID`, `CardState`, `UseDate`, `AccountID`, `CreateTime`, `UpdateTime`) VALUES('0909201220130024', 183, '4', 0, NUll, NULL, '1489372200', '1489372200');
INSERT INTO `productcard` (`CardNumber`, `CardValue`, `ProductID`, `CardState`, `UseDate`, `AccountID`, `CreateTime`, `UpdateTime`) VALUES('0909201220130025', 365, '5', 0, NUll, NULL, '1489372200', '1489372200');
INSERT INTO `productcard` (`CardNumber`, `CardValue`, `ProductID`, `CardState`, `UseDate`, `AccountID`, `CreateTime`, `UpdateTime`) VALUES('0909201220130026', 365, '5', 0, NUll, NULL, '1489372200', '1489372200');
INSERT INTO `productcard` (`CardNumber`, `CardValue`, `ProductID`, `CardState`, `UseDate`, `AccountID`, `CreateTime`, `UpdateTime`) VALUES('0909201220130027', 365, '5', 0, NUll, NULL, '1489372200', '1489372200');
INSERT INTO `productcard` (`CardNumber`, `CardValue`, `ProductID`, `CardState`, `UseDate`, `AccountID`, `CreateTime`, `UpdateTime`) VALUES('0909201220130028', 183, '5', 0, NUll, NULL, '1489372200', '1489372200');
INSERT INTO `productcard` (`CardNumber`, `CardValue`, `ProductID`, `CardState`, `UseDate`, `AccountID`, `CreateTime`, `UpdateTime`) VALUES('0909201220130029', 183, '5', 0, NUll, NULL, '1489372200', '1489372200');
INSERT INTO `productcard` (`CardNumber`, `CardValue`, `ProductID`, `CardState`, `UseDate`, `AccountID`, `CreateTime`, `UpdateTime`) VALUES('0909201220130030', 183, '5', 0, NUll, NULL, '1489372200', '1489372200');
INSERT INTO `productcard` (`CardNumber`, `CardValue`, `ProductID`, `CardState`, `UseDate`, `AccountID`, `CreateTime`, `UpdateTime`) VALUES('0909201220130031', 365, '6', 0, NUll, NULL, '1489372200', '1489372200');
INSERT INTO `productcard` (`CardNumber`, `CardValue`, `ProductID`, `CardState`, `UseDate`, `AccountID`, `CreateTime`, `UpdateTime`) VALUES('0909201220130032', 365, '6', 0, NUll, NULL, '1489372200', '1489372200');
INSERT INTO `productcard` (`CardNumber`, `CardValue`, `ProductID`, `CardState`, `UseDate`, `AccountID`, `CreateTime`, `UpdateTime`) VALUES('0909201220130033', 365, '6', 0, NUll, NULL, '1489372200', '1489372200');
INSERT INTO `productcard` (`CardNumber`, `CardValue`, `ProductID`, `CardState`, `UseDate`, `AccountID`, `CreateTime`, `UpdateTime`) VALUES('0909201220130034', 183, '6', 0, NUll, NULL, '1489372200', '1489372200');
INSERT INTO `productcard` (`CardNumber`, `CardValue`, `ProductID`, `CardState`, `UseDate`, `AccountID`, `CreateTime`, `UpdateTime`) VALUES('0909201220130035', 183, '6', 0, NUll, NULL, '1489372200', '1489372200');
INSERT INTO `productcard` (`CardNumber`, `CardValue`, `ProductID`, `CardState`, `UseDate`, `AccountID`, `CreateTime`, `UpdateTime`) VALUES('0909201220130036', 183, '6', 0, NUll, NULL, '1489372200', '1489372200');
INSERT INTO `productcard` (`CardNumber`, `CardValue`, `ProductID`, `CardState`, `UseDate`, `AccountID`, `CreateTime`, `UpdateTime`) VALUES('0909201220130037', 365, '7', 0, NUll, NULL, '1489372200', '1489372200');
INSERT INTO `productcard` (`CardNumber`, `CardValue`, `ProductID`, `CardState`, `UseDate`, `AccountID`, `CreateTime`, `UpdateTime`) VALUES('0909201220130038', 365, '7', 0, NUll, NULL, '1489372200', '1489372200');
INSERT INTO `productcard` (`CardNumber`, `CardValue`, `ProductID`, `CardState`, `UseDate`, `AccountID`, `CreateTime`, `UpdateTime`) VALUES('0909201220130039', 365, '7', 0, NUll, NULL, '1489372200', '1489372200');
INSERT INTO `productcard` (`CardNumber`, `CardValue`, `ProductID`, `CardState`, `UseDate`, `AccountID`, `CreateTime`, `UpdateTime`) VALUES('0909201220130040', 183, '7', 0, NUll, NULL, '1489372200', '1489372200');
INSERT INTO `productcard` (`CardNumber`, `CardValue`, `ProductID`, `CardState`, `UseDate`, `AccountID`, `CreateTime`, `UpdateTime`) VALUES('0909201220130041', 183, '7', 0, NUll, NULL, '1489372200', '1489372200');
INSERT INTO `productcard` (`CardNumber`, `CardValue`, `ProductID`, `CardState`, `UseDate`, `AccountID`, `CreateTime`, `UpdateTime`) VALUES('0909201220130042', 183, '7', 0, NUll, NULL, '1489372200', '1489372200');
INSERT INTO `productcard` (`CardNumber`, `CardValue`, `ProductID`, `CardState`, `UseDate`, `AccountID`, `CreateTime`, `UpdateTime`) VALUES('0909201220130043', 365, '8', 0, NUll, NULL, '1489372200', '1489372200');
INSERT INTO `productcard` (`CardNumber`, `CardValue`, `ProductID`, `CardState`, `UseDate`, `AccountID`, `CreateTime`, `UpdateTime`) VALUES('0909201220130044', 365, '8', 0, NUll, NULL, '1489372200', '1489372200');
INSERT INTO `productcard` (`CardNumber`, `CardValue`, `ProductID`, `CardState`, `UseDate`, `AccountID`, `CreateTime`, `UpdateTime`) VALUES('0909201220130045', 365, '8', 0, NUll, NULL, '1489372200', '1489372200');
INSERT INTO `productcard` (`CardNumber`, `CardValue`, `ProductID`, `CardState`, `UseDate`, `AccountID`, `CreateTime`, `UpdateTime`) VALUES('0909201220130046', 183, '8', 0, NUll, NULL, '1489372200', '1489372200');
INSERT INTO `productcard` (`CardNumber`, `CardValue`, `ProductID`, `CardState`, `UseDate`, `AccountID`, `CreateTime`, `UpdateTime`) VALUES('0909201220130047', 183, '8', 0, NUll, NULL, '1489372200', '1489372200');
INSERT INTO `productcard` (`CardNumber`, `CardValue`, `ProductID`, `CardState`, `UseDate`, `AccountID`, `CreateTime`, `UpdateTime`) VALUES('0909201220130048', 183, '8', 0, NUll, NULL, '1489372200', '1489372200');
INSERT INTO `productcard` (`CardNumber`, `CardValue`, `ProductID`, `CardState`, `UseDate`, `AccountID`, `CreateTime`, `UpdateTime`) VALUES('0909201220130049', 365, '9', 0, NUll, NULL, '1489372200', '1489372200');
INSERT INTO `productcard` (`CardNumber`, `CardValue`, `ProductID`, `CardState`, `UseDate`, `AccountID`, `CreateTime`, `UpdateTime`) VALUES('0909201220130050', 365, '9', 0, NUll, NULL, '1489372200', '1489372200');
INSERT INTO `productcard` (`CardNumber`, `CardValue`, `ProductID`, `CardState`, `UseDate`, `AccountID`, `CreateTime`, `UpdateTime`) VALUES('0909201220130051', 365, '9', 0, NUll, NULL, '1489372200', '1489372200');
INSERT INTO `productcard` (`CardNumber`, `CardValue`, `ProductID`, `CardState`, `UseDate`, `AccountID`, `CreateTime`, `UpdateTime`) VALUES('0909201220130052', 183, '9', 0, NUll, NULL, '1489372200', '1489372200');
INSERT INTO `productcard` (`CardNumber`, `CardValue`, `ProductID`, `CardState`, `UseDate`, `AccountID`, `CreateTime`, `UpdateTime`) VALUES('0909201220130053', 183, '9', 0, NUll, NULL, '1489372200', '1489372200');
INSERT INTO `productcard` (`CardNumber`, `CardValue`, `ProductID`, `CardState`, `UseDate`, `AccountID`, `CreateTime`, `UpdateTime`) VALUES('0909201220130054', 183, '9', 0, NUll, NULL, '1489372200', '1489372200');
INSERT INTO `productcard` (`CardNumber`, `CardValue`, `ProductID`, `CardState`, `UseDate`, `AccountID`, `CreateTime`, `UpdateTime`) VALUES('0909201220130055', 365, '10', 0, NUll, NULL, '1489372200', '1489372200');
INSERT INTO `productcard` (`CardNumber`, `CardValue`, `ProductID`, `CardState`, `UseDate`, `AccountID`, `CreateTime`, `UpdateTime`) VALUES('0909201220130056', 365, '10', 0, NUll, NULL, '1489372200', '1489372200');
INSERT INTO `productcard` (`CardNumber`, `CardValue`, `ProductID`, `CardState`, `UseDate`, `AccountID`, `CreateTime`, `UpdateTime`) VALUES('0909201220130057', 365, '10', 0, NUll, NULL, '1489372200', '1489372200');
INSERT INTO `productcard` (`CardNumber`, `CardValue`, `ProductID`, `CardState`, `UseDate`, `AccountID`, `CreateTime`, `UpdateTime`) VALUES('0909201220130058', 183, '10', 0, NUll, NULL, '1489372200', '1489372200');
INSERT INTO `productcard` (`CardNumber`, `CardValue`, `ProductID`, `CardState`, `UseDate`, `AccountID`, `CreateTime`, `UpdateTime`) VALUES('0909201220130059', 183, '10', 0, NUll, NULL, '1489372200', '1489372200');
INSERT INTO `productcard` (`CardNumber`, `CardValue`, `ProductID`, `CardState`, `UseDate`, `AccountID`, `CreateTime`, `UpdateTime`) VALUES('0909201220130060', 183, '10', 0, NUll, NULL, '1489372200', '1489372200');

INSERT INTO `stbbind` (`ProductID`, `AccountID`, `BindDay`, `IsActive`, `ActiveDate`) VALUES('1', 'FC4BBC2A3917', 365, 1, '1483237800');
INSERT INTO `stbbind` (`ProductID`, `AccountID`, `BindDay`, `IsActive`, `ActiveDate`) VALUES('1', 'FC4BBC2B7C4A', 365, 0, NULL);
INSERT INTO `stbbind` (`ProductID`, `AccountID`, `BindDay`, `IsActive`, `ActiveDate`) VALUES('1', 'FC4BBC2C9B58', 183, 0, NULL);
INSERT INTO `stbbind` (`ProductID`, `AccountID`, `BindDay`, `IsActive`, `ActiveDate`) VALUES('1', 'FC4BBC2CABB2', 365, 0, NULL);
INSERT INTO `stbbind` (`ProductID`, `AccountID`, `BindDay`, `IsActive`, `ActiveDate`) VALUES('1', 'FC4BBC2CC6FD', 365, 0, NULL);
INSERT INTO `stbbind` (`ProductID`, `AccountID`, `BindDay`, `IsActive`, `ActiveDate`) VALUES('1', 'FC4BBC2CC899', 365, 0, NULL);
INSERT INTO `stbbind` (`ProductID`, `AccountID`, `BindDay`, `IsActive`, `ActiveDate`) VALUES('2', 'FC4BBC2B1AAE', 183, 1, '1483237800');
INSERT INTO `stbbind` (`ProductID`, `AccountID`, `BindDay`, `IsActive`, `ActiveDate`) VALUES('2', 'FC4BBC2C98E4', 183, 0, NULL);
INSERT INTO `stbbind` (`ProductID`, `AccountID`, `BindDay`, `IsActive`, `ActiveDate`) VALUES('3', 'FC4BBC2B7C4A', 365, 0, NULL);
INSERT INTO `stbbind` (`ProductID`, `AccountID`, `BindDay`, `IsActive`, `ActiveDate`) VALUES('3', 'FC4BBC2B9910', 365, 0, NULL);
INSERT INTO `stbbind` (`ProductID`, `AccountID`, `BindDay`, `IsActive`, `ActiveDate`) VALUES('3', 'FC4BBC2CC6FD', 365, 0, NULL);
INSERT INTO `stbbind` (`ProductID`, `AccountID`, `BindDay`, `IsActive`, `ActiveDate`) VALUES('4', 'FC4BBC2B1AAE', 183, 1, '1483237800');
INSERT INTO `stbbind` (`ProductID`, `AccountID`, `BindDay`, `IsActive`, `ActiveDate`) VALUES('5', 'FC4BBC2B7C4A', 365, 0, NULL);
INSERT INTO `stbbind` (`ProductID`, `AccountID`, `BindDay`, `IsActive`, `ActiveDate`) VALUES('5', 'FC4BBC2B903A', 183, 0, NULL);
INSERT INTO `stbbind` (`ProductID`, `AccountID`, `BindDay`, `IsActive`, `ActiveDate`) VALUES('5', 'FC4BBC2C98E4', 183, 0, NULL);
INSERT INTO `stbbind` (`ProductID`, `AccountID`, `BindDay`, `IsActive`, `ActiveDate`) VALUES('6', 'FC4BBC2B1AAE', 183, 1, '1483237800');
INSERT INTO `stbbind` (`ProductID`, `AccountID`, `BindDay`, `IsActive`, `ActiveDate`) VALUES('6', 'FC4BBC2B9910', 365, 0, NULL);
INSERT INTO `stbbind` (`ProductID`, `AccountID`, `BindDay`, `IsActive`, `ActiveDate`) VALUES('6', 'FC4BBC2C9519', 365, 0, NULL);
INSERT INTO `stbbind` (`ProductID`, `AccountID`, `BindDay`, `IsActive`, `ActiveDate`) VALUES('6', 'FC4BBC2C9B58', 183, 0, NULL);
INSERT INTO `stbbind` (`ProductID`, `AccountID`, `BindDay`, `IsActive`, `ActiveDate`) VALUES('7', 'FC4BBC2B9910', 365, 0, NULL);
INSERT INTO `stbbind` (`ProductID`, `AccountID`, `BindDay`, `IsActive`, `ActiveDate`) VALUES('8', 'FC4BBC2C9519', 365, 0, NULL);
INSERT INTO `stbbind` (`ProductID`, `AccountID`, `BindDay`, `IsActive`, `ActiveDate`) VALUES('9', 'FC4BBC2B903A', 183, 0, NULL);
INSERT INTO `stbbind` (`ProductID`, `AccountID`, `BindDay`, `IsActive`, `ActiveDate`) VALUES('9', 'FC4BBC2C98E4', 183, 0, NULL);
INSERT INTO `stbbind` (`ProductID`, `AccountID`, `BindDay`, `IsActive`, `ActiveDate`) VALUES('10', 'FC4BBC2B903A', 183, 0, NULL);